-- Tabela USUARIO (Clientes)
INSERT INTO USUARIO (NDOC, TIPODOC, EMAIL, NOME, DATANASC, RG) 
VALUES ('111.222.333-44', 'CPF', 'joao.silva@email.com', 'João Silva', '1985-04-10', '12.345.678-9');

INSERT INTO USUARIO (NDOC, TIPODOC, EMAIL, NOME, DATANASC, RG) 
VALUES ('999.888.777-66', 'CPF', 'maria.o@email.com', 'Maria Oliveira', '1990-11-22', '98.765.432-1');

INSERT INTO USUARIO (NDOC, TIPODOC, EMAIL, RAZAOSOCIAL, DATANASC) 
VALUES ('12.345.678/0001-99', 'CNPJ', 'contato@acme.com', 'ACME Eventos Ltda', NULL);

-- Tabela ANALISTA
INSERT INTO ANALISTA (CPF, NOME) 
VALUES ('100.100.100-10', 'Carlos Souza');

INSERT INTO ANALISTA (CPF, NOME) 
VALUES ('200.200.200-20', 'Ana Pereira');

INSERT INTO ANALISTA (CPF, NOME) 
VALUES ('300.300.300-30', 'Bruno Costa');

-- Tabela GERENTE
INSERT INTO GERENTE (CPF, NOME) 
VALUES ('700.700.700-70', 'Ricardo Mendes');

INSERT INTO GERENTE (CPF, NOME) 
VALUES ('800.800.800-80', 'Lúcia Fernandes');

INSERT INTO GERENTE (CPF, NOME) 
VALUES ('900.900.900-90', 'Marcos Andrade');

-- Tabela C (Assumindo ser "Colaborador", incluindo Analistas e Gerentes)
INSERT INTO C (CPF, CARGO) 
VALUES ('100.100.100-10', 'Analista');

INSERT INTO C (CPF, CARGO) 
VALUES ('200.200.200-20', 'Analista');

INSERT INTO C (CPF, CARGO)
VALUES ('300.300.300-30', 'Analista');

INSERT INTO C (CPF, CARGO) 
VALUES ('700.700.700-70', 'Gerente');

INSERT INTO C (CPF, CARGO) 
VALUES ('800.800.800-80', 'Gerente');

INSERT INTO C (CPF, CARGO)
VALUES ('900.900.900-90', 'Gerente');

-- Tabela RECURSOHUMANO
INSERT INTO RECURSOHUMANO (NOMEPROFISSAO, DESCRICAO) 
VALUES ('Tecnico de Som', 'Profissional responsável pela montagem e operação de equipamentos de áudio.');

INSERT INTO RECURSOHUMANO (NOMEPROFISSAO, DESCRICAO) 
VALUES ('Seguranca', 'Profissional treinado para garantir a segurança e o controle de acesso em eventos.');

INSERT INTO RECURSOHUMANO (NOMEPROFISSAO, DESCRICAO) 
VALUES ('Eletricista', 'Profissional qualificado para instalações elétricas temporárias e manutenção durante o evento.');

-- Tabela TIPORECURSOFISICO
INSERT INTO TIPORECURSOFISICO (IDTIPORECURSO, DESCRICAO, NOME) 
VALUES ('TRF-001', 'Cadeira de plástico branca, empilhável.', 'Cadeira');

INSERT INTO TIPORECURSOFISICO (IDTIPORECURSO, DESCRICAO, NOME) 
VALUES ('TRF-002', 'Mesa retangular de 1,80m x 0,80m, dobrável.', 'Mesa');

INSERT INTO TIPORECURSOFISICO (IDTIPORECURSO, DESCRICAO, NOME) 
VALUES ('TRF-003', 'Projetor multimídia de 5000 lumens, com alta definição (HD).', 'Projetor');

-- Tabela ARMAZEM
INSERT INTO ARMAZEM (IDARMAZEM, ENDERECO, CAPACIDADEMAX) 
VALUES ('ARM-SP-01', 'Rua das Flores, 100 - São Paulo', 5000.0);

INSERT INTO ARMAZEM (IDARMAZEM, ENDERECO, CAPACIDADEMAX) 
VALUES ('ARM-RJ-01', 'Av. Copacabana, 500 - Rio', 3000.0);

INSERT INTO ARMAZEM (IDARMAZEM, ENDERECO, CAPACIDADEMAX) 
VALUES ('ARM-MG-01', 'Rua dos Inconfidentes, 30 - BH', 2500.0);

-- Tabela PEDIDO
-- Pedido 1 (Aprovado) - Do usuário João
INSERT INTO PEDIDO (IDPEDIDO, NOMEEVENTOPROPOSTO, STATUS, LOCALPROPOSTO, DATAINICIOPROPOSTO, DATAFIMPROPOSTO, DATASUBMISSAO, DESCRICAO, USUARIO, ANALISTA, GERENTE)
VALUES ('PED-2025-001', 'Conferência de TI', 'Aprovado', 'Centro de Convenções SP', '2025-12-01', '2025-12-03', '2025-09-10', 'Evento anual de tecnologia com palestras e workshops.', '111.222.333-44', '100.100.100-10', '700.700.700-70');

-- Pedido 2 (Aprovado) - Da usuária Maria
INSERT INTO PEDIDO (IDPEDIDO, NOMEEVENTOPROPOSTO, STATUS, LOCALPROPOSTO, DATAINICIOPROPOSTO, DATAFIMPROPOSTO, DATASUBMISSAO, DESCRICAO, USUARIO, ANALISTA, GERENTE)
VALUES ('PED-2025-002', 'Casamento Maria e José', 'Aprovado', 'Buffet Paraíso', '2025-11-20', '2025-11-20', '2025-08-15', 'Festa de casamento para 150 convidados.', '999.888.777-66', '200.200.200-20', '800.800.800-80');

-- Pedido 3 (Aprovado) - Da empresa ACME
INSERT INTO PEDIDO (IDPEDIDO, NOMEEVENTOPROPOSTO, STATUS, LOCALPROPOSTO, DATAINICIOPROPOSTO, DATAFIMPROPOSTO, DATASUBMISSAO, DESCRICAO, USUARIO, ANALISTA, GERENTE)
VALUES ('PED-2025-003', 'Lançamento Produto ACME', 'Aprovado', 'Sede ACME', '2026-01-15', '2026-01-15', '2025-10-01', 'Evento de lançamento para imprensa e parceiros.', '12.345.678/0001-99', '300.300.300-30', '700.700.700-70');

-- Pedido 4 (Em Análise) - Do usuário João
INSERT INTO PEDIDO (IDPEDIDO, NOMEEVENTOPROPOSTO, STATUS, LOCALPROPOSTO, DATAINICIOPROPOSTO, DATAFIMPROPOSTO, DATASUBMISSAO, DESCRICAO, USUARIO, ANALISTA, GERENTE)
VALUES ('PED-2025-004', 'Workshop de Fotografia', 'Em Análise', 'Parque Ibirapuera', '2026-02-10', '2026-02-11', '2025-11-05', 'Workshop prático ao ar livre.', '111.222.333-44', '100.100.100-10', '800.800.800-80');

-- Tabela PROPOSTA (Interação entre Usuário e Analista)
INSERT INTO PROPOSTA (DATA, USUARIO, ANALISTA, DESCRICAOPROPOSTA)
VALUES ('2025-09-12', '111.222.333-44', '100.100.100-10', 'O local "Centro de Convenções SP" está com lotação máxima para a data. Sugerimos como alternativa o "Pavilhão de Exposições", que possui capacidade maior e custo similar.');

INSERT INTO PROPOSTA (DATA, USUARIO, ANALISTA, DESCRICAOPROPOSTA)
VALUES ('2025-08-20', '999.888.777-66', '200.200.200-20', 'O "Buffet Paraíso" já está reservado para o dia 20/11/2025. Propomos a realização no dia 27/11/2025 (próxima quinta-feira) ou a mudança para o "Salão Imperial" no mesmo dia.');

INSERT INTO PROPOSTA (DATA, USUARIO, ANALISTA, DESCRICAOPROPOSTA)
VALUES ('2025-10-05', '12.345.678/0001-99', '300.300.300-30', 'O nome proposto "Lançamento Produto ACME" é muito genérico e pode afetar a cobertura da mídia. Sugerimos um nome de maior impacto, como "ACME Innovate 2026".');

-- Tabela ITEM (Recursos físicos específicos, localizados em Armazéns)
INSERT INTO ITEM (NROPATRIMONIO, STATUSITEM, QUALIDADE, TAMANHO, TIPORECURSOFISICO, ARMAZEM)
VALUES ('CAD-SP-0001', 'Disponível', 'Bom', 1.2, 'TRF-001', 'ARM-SP-01');

INSERT INTO ITEM (NROPATRIMONIO, STATUSITEM, QUALIDADE, TAMANHO, TIPORECURSOFISICO, ARMAZEM)
VALUES ('CAD-SP-0002', 'Disponível', 'Novo', 1.2, 'TRF-001', 'ARM-SP-01');

INSERT INTO ITEM (NROPATRIMONIO, STATUSITEM, QUALIDADE, TAMANHO, TIPORECURSOFISICO, ARMAZEM)
VALUES ('MES-RJ-0001', 'Em Manutenção', 'Usado', 3.5, 'TRF-002', 'ARM-RJ-01');

INSERT INTO ITEM (NROPATRIMONIO, STATUSITEM, QUALIDADE, TAMANHO, TIPORECURSOFISICO, ARMAZEM)
VALUES ('PRO-SP-0001', 'Disponível', 'Novo', 0.8, 'TRF-003', 'ARM-SP-01');

INSERT INTO ITEM (NROPATRIMONIO, STATUSITEM, QUALIDADE, TAMANHO, TIPORECURSOFISICO, ARMAZEM)
VALUES ('PRO-RJ-0001', 'Disponível', 'Bom', 0.8, 'TRF-003', 'ARM-RJ-01');

INSERT INTO ITEM (NROPATRIMONIO, STATUSITEM, QUALIDADE, TAMANHO, TIPORECURSOFISICO, ARMAZEM)
VALUES ('MES-SP-0001', 'Disponível', 'Bom', 3.5, 'TRF-002', 'ARM-SP-01');

-- Tabela EVENTO (Criado apenas para Pedidos Aprovados)
INSERT INTO EVENTO (NOMEEVENTOEFETIVO, DATAINICIOEFETIVO, DATAFIMEVENTO, STATUSDEFINITIVO, LOCALEFETIVO, PEDIDO)
VALUES ('Conferência de TI', '2025-12-01', '2025-12-03', 'Confirmado', 'Centro de Convenções SP', 'PED-2025-001');

INSERT INTO EVENTO (NOMEEVENTOEFETIVO, DATAINICIOEFETIVO, DATAFIMEVENTO, STATUSDEFINITIVO, LOCALEFETIVO, PEDIDO)
VALUES ('Casamento Maria e José', '2025-11-20', '2025-11-20', 'Cancelado', 'Buffet Paraíso', 'PED-2025-002');

INSERT INTO EVENTO (NOMEEVENTOEFETIVO, DATAINICIOEFETIVO, DATAFIMEVENTO, STATUSDEFINITIVO, LOCALEFETIVO, PEDIDO)
VALUES ('Lançamento Produto ACME', '2026-01-15', '2026-01-15', 'Confirmado', 'Sede ACME', 'PED-2025-003');

-- Tabela DOCUMENTODEREQUISITO (Um para cada pedido)
INSERT INTO DOCUMENTODEREQUISITO (PEDIDO, STATUS)
VALUES ('PED-2025-001', 'Completo');

INSERT INTO DOCUMENTODEREQUISITO (PEDIDO, STATUS)
VALUES ('PED-2025-002', 'Completo');

INSERT INTO DOCUMENTODEREQUISITO (PEDIDO, STATUS)
VALUES ('PED-2025-003', 'Completo');

INSERT INTO DOCUMENTODEREQUISITO (PEDIDO, STATUS)
VALUES ('PED-2025-004', 'Pendente');

-- Tabela DOC_RH (Ligando Documento de Requisito aos Recursos Humanos necessários)
-- Pedido 1 (Conferência)
INSERT INTO DOC_RH (DOCUMENTODEREQUISITO, RECURSOHUMANO, QUANTIDADE)
VALUES ('PED-2025-001', 'Tecnico de Som', 2);

INSERT INTO DOC_RH (DOCUMENTODEREQUISITO, RECURSOHUMANO, QUANTIDADE)
VALUES ('PED-2025-001', 'Eletricista', 1);

-- Pedido 2 (Casamento)
INSERT INTO DOC_RH (DOCUMENTODEREQUISITO, RECURSOHUMANO, QUANTIDADE)
VALUES ('PED-2025-002', 'Tecnico de Som', 1);

-- Pedido 3 (ACME)
INSERT INTO DOC_RH (DOCUMENTODEREQUISITO, RECURSOHUMANO, QUANTIDADE)
VALUES ('PED-2025-003', 'Seguranca', 4);

-- Tabela DOC_TIPORECURSO (Ligando Documento de Requisito aos Tipos de Recursos Físicos)
-- Pedido 1 (Conferência)
INSERT INTO DOC_TIPORECURSO (DOCUMENTODEREQUISITO, TIPORECURSOFISICO, QUANTIDADE)
VALUES ('PED-2025-001', 'TRF-001', 100); -- 100 Cadeiras

INSERT INTO DOC_TIPORECURSO (DOCUMENTODEREQUISITO, TIPORECURSOFISICO, QUANTIDADE)
VALUES ('PED-2025-001', 'TRF-002', 10);  -- 10 Mesas

INSERT INTO DOC_TIPORECURSO (DOCUMENTODEREQUISITO, TIPORECURSOFISICO, QUANTIDADE)
VALUES ('PED-2025-001', 'TRF-003', 2);   -- 2 Projetores

-- Pedido 2 (Casamento)
INSERT INTO DOC_TIPORECURSO (DOCUMENTODEREQUISITO, TIPORECURSOFISICO, QUANTIDADE)
VALUES ('PED-2025-002', 'TRF-001', 50); -- 50 Cadeiras

-- Pedido 3 (ACME)
INSERT INTO DOC_TIPORECURSO (DOCUMENTODEREQUISITO, TIPORECURSOFISICO, QUANTIDADE)
VALUES ('PED-2025-003', 'TRF-002', 5); -- 5 Mesas

-- Tabela ALOCA (Alocando Itens específicos para Eventos confirmados)
-- Alocações para a Conferência de TI (Evento 1)
INSERT INTO ALOCA (EVENTONOME, EVENTODATA, ITEM, DIAENTRADA, DIASAIDA)
VALUES ('Conferência de TI', '2025-12-01', 'CAD-SP-0001', '2025-11-30', '2025-12-04');

INSERT INTO ALOCA (EVENTONOME, EVENTODATA, ITEM, DIAENTRADA, DIASAIDA)
VALUES ('Conferência de TI', '2025-12-01', 'PRO-SP-0001', '2025-11-30', '2025-12-04');

INSERT INTO ALOCA (EVENTONOME, EVENTODATA, ITEM, DIAENTRADA, DIASAIDA)
VALUES ('Conferência de TI', '2025-12-01', 'MES-SP-0001', '2025-11-30', '2025-12-04');

-- Alocações para o Evento ACME (Evento 3)
INSERT INTO ALOCA (EVENTONOME, EVENTODATA, ITEM, DIAENTRADA, DIASAIDA)
VALUES ('Lançamento Produto ACME', '2026-01-15', 'PRO-RJ-0001', '2026-01-14', '2026-01-16');